#chr	start	end	hg38_Seqlen	rheMac10_Seqlen	score	gap	percent_identity
chr13	39955968	39956088	120	120	95	14	0.7916666666666666
chr13	42039834	42039984	150	150	134	0	0.8933333333333333
chr13	46387611	46387701	90	90	83	0	0.9222222222222223
chr13	27450559	27450749	190	190	178	0	0.9368421052631579
