#chr	start	end	hg38_Seqlen	rheMac10_Seqlen	score	gap	percent_identity
chr16	56729584	56729674	90	90	87	0	0.9666666666666667
chr16	68023174	68023394	220	220	0	0	0.0
chr16	57985195	57985305	110	110	106	0	0.9636363636363636
chr16	87807082	87807262	180	180	168	1	0.9333333333333333
chr16	2155086	2155346	260	260	237	5	0.9115384615384615
chr16	30092379	30092589	210	210	196	0	0.9333333333333333
chr16	5071964	5072084	120	120	93	23	0.775
chr16	57689842	57690042	200	200	186	0	0.93
chr16	85569754	85569894	140	140	130	5	0.9285714285714286
