#chr	start	end	hg38_Seqlen	rheMac10_Seqlen	score	gap	percent_identity
chr14	20668003	20668173	170	170	159	0	0.9352941176470588
chr14	75522426	75522766	340	340	0	0	0.0
chr14	75002470	75002560	90	90	84	1	0.9333333333333333
chr14	70641089	70641359	270	270	249	0	0.9222222222222223
chr14	70640859	70640989	130	130	118	0	0.9076923076923077
