#chr	start	end	hg38_Seqlen	rheMac10_Seqlen	score	gap	percent_identity
chr15	74781553	74781653	100	100	92	0	0.92
chr15	75029177	75029347	170	170	159	0	0.9352941176470588
chr15	40161178	40161268	90	90	87	0	0.9666666666666667
chr15	40806743	40806873	130	130	119	6	0.9153846153846154
chr15	75724114	75724284	170	170	159	5	0.9352941176470588
chr15	75695340	75695440	100	100	96	0	0.96
