#chr	start	end	hg38_Seqlen	rheMac10_Seqlen	score	gap	percent_identity
chr10	72334986	72335276	290	290	265	0	0.9137931034482759
chr10	38094319	38094419	100	100	96	0	0.96
chr10	70145881	70146041	160	160	151	0	0.94375
chr10	101818423	101818523	100	100	98	0	0.98
chr10	102854405	102854525	120	120	120	0	1.0
chr10	86399970	86400090	120	120	0	0	0.0
chr10	131900273	131900373	100	100	95	0	0.95
chr10	86412855	86413075	220	220	219	0	0.9954545454545455
