#chr	start	end	hg38_Seqlen	rheMac10_Seqlen	score	gap	percent_identity
chr20	38033283	38033583	300	300	285	3	0.95
chr20	50113377	50113507	130	130	122	4	0.9384615384615385
chr20	43942993	43943173	180	180	173	0	0.9611111111111111
