#chr	start	end	hg38_Seqlen	rheMac10_Seqlen	score	gap	percent_identity
chr21	14763366	14763496	130	130	94	0	0.7230769230769231
chr21	33542587	33542827	240	240	226	0	0.9416666666666667
