#chr	start	end	hg38_Seqlen	rheMac10_Seqlen	score	gap	percent_identity
chr4	177309944	177310044	100	100	92	0	0.92
chr4	17810498	17810668	170	170	165	2	0.9705882352941176
chr4	932568	932908	340	340	319	0	0.9382352941176471
chr4	80072854	80072964	110	110	102	0	0.9272727272727272
chr4	2469609	2469699	90	90	0	0	0.0
