#chr	start	end	hg38_Seqlen	rheMac10_Seqlen	score	gap	percent_identity
chr5	56481562	56481662	100	100	95	0	0.95
chr5	150405064	150405224	160	160	157	0	0.98125
chr5	62236405	62236565	160	160	153	0	0.95625
chr5	177311121	177311291	170	170	0	0	0.0
chr5	159262815	159263265	450	450	428	0	0.9511111111111111
chr5	181191716	181191876	160	160	124	18	0.775
chr5	176538305	176538395	90	90	76	10	0.8444444444444444
