#chr	start	end	hg38_Seqlen	rheMac10_Seqlen	score	gap	percent_identity
chr7	2406003	2406093	90	90	75	0	0.8333333333333334
chr7	30504564	30504744	180	180	167	0	0.9277777777777778
chr7	56005138	56005228	90	90	80	0	0.8888888888888888
chr7	41134343	41134433	90	90	85	1	0.9444444444444444
chr7	73842374	73842474	100	100	91	0	0.91
chr7	64307802	64307932	130	130	113	7	0.8692307692307693
chr7	83162716	83162826	110	110	103	0	0.9363636363636364
