#chr	start	end	hg38_Seqlen	rheMac10_Seqlen	score	gap	percent_identity
chr8	109645229	109645369	140	140	127	2	0.9071428571428571
chr8	65842551	65842651	100	100	94	0	0.94
chr8	140596961	140597061	100	100	95	0	0.95
chr8	80377296	80377566	270	270	241	0	0.8925925925925926
chr8	38177456	38177576	120	120	118	0	0.9833333333333333
chr8	81111473	81111583	110	110	102	1	0.9272727272727272
chr8	10711206	10711306	100	100	93	1	0.93
