#chr	start	end	hg38_Seqlen	rheMac10_Seqlen	score	gap	percent_identity
chr9	126805277	126805407	130	130	120	0	0.9230769230769231
chr9	72444200	72444450	250	250	243	1	0.972
chr9	110257029	110257139	110	110	101	0	0.9181818181818182
chr9	37784809	37784959	150	150	146	0	0.9733333333333334
chr9	136109437	136109577	140	140	129	0	0.9214285714285714
chr9	122376159	122376249	90	90	84	0	0.9333333333333333
